NAME;LOM_X;LOM_A;GEB_DATR;GESCHL_R;RASSE;LOM_MUTX;DAT_EIN;TIER_EINX;BNR15_VBX;BNR15_NBX;LAND_URX;GVE;LKALBDAT;KALBUNGANZ;ZKZ_DURCHT;COMPARTMENT
DE 08 06241;DE 08 06241;;17.04.2018;W;GAL;UK 4 00193;19.01.2020;ZU;0.0;0.0;;1,000;18.12.2025;6.0;352.0;
DE 08 38777;DE 08 38777;;18.04.2020;W;GAL;DE 08 55122;24.09.2022;ZU;0.0;0.0;;1,000;23.11.2025;4.0;333.0;
DE 08 30285;DE 08 30285;;12.03.2021;W;GAL;DE 08 52685;12.03.2021;GE;0.0;0.0;;1,000;25.10.2025;3.0;345.0;
DE 08 30288;DE 08 30288;;01.04.2021;W;GAL;DE 08 55122;02.09.2023;ZU;0.0;0.0;;1,000;01.01.2026;3.0;351.0;
DE 08 03231;DE 08 03231;;19.12.2022;W;GAL;DE 08 06241;19.12.2022;GE;0.0;0.0;;1,000;03.06.2026;2.0;320.0;
DE 08 03233;DE 08 03233;;22.01.2023;W;GAL;DE 08 55122;10.05.2025;ZU;0.0;0.0;;1,000;21.12.2025;1.0;;
DE 08 03240;DE 08 03240;;14.02.2023;W;GAL;DE 08 52690;14.02.2023;GE;0.0;0.0;;1,000;01.12.2025;1.0;;
DE 08 48430;DE 08 48430;;24.07.2023;W;GAL;DE 08 38780;03.06.2026;ZU;0.0;0.0;;1,000;;0.0;;
DE 08 48428;DE 08 48428;;31.01.2024;W;GAL;DE 08 30288;31.01.2024;GE;0.0;0.0;;1,000;;0.0;;
DE 06 89839;DE 06 89839;;18.03.2024;M;GAL;DE 06 62924;20.04.2025;ZU;0.0;0.0;;1,000;;;;
DE 08 03234;DE 08 03234;;29.07.2024;W;GAL;DE 08 38780;29.07.2024;GE;0.0;0.0;;1,000;;0.0;;
DE 08 48422;DE 08 48422;;09.11.2024;W;GAL;DE 08 30289;09.11.2024;GE;0.0;0.0;;0,600;;0.0;;
DE 08 03238;DE 08 03238;;06.01.2025;W;GAL;DE 08 30288;06.01.2025;GE;0.0;0.0;;0,600;;0.0;;
DE 08 48423;DE 08 48423;;11.01.2025;W;GAL;DE 08 06241;11.01.2025;GE;0.0;0.0;;0,600;;0.0;;
DE 08 48424;DE 08 48424;;23.01.2025;W;GAL;DE 08 52689;23.01.2025;GE;0.0;0.0;;0,600;;0.0;;
DE 08 13065;DE 08 13065;;25.02.2025;W;WGA;DE 08 95695;23.11.2025;ZU;0.0;0.0;;0,600;;0.0;;
DE 08 69081;DE 08 69081;;18.07.2025;M;GAL;DE 08 03231;18.07.2025;GE;0.0;0.0;;0,600;;;;
DE 08 69086;DE 08 69086;;28.09.2025;M;GAL;DE 08 38776;28.09.2025;GE;0.0;0.0;;0,600;;;;
DE 08 69087;DE 08 69087;;23.11.2025;W;GAL;DE 08 38777;23.11.2025;GE;0.0;0.0;;0,600;;0.0;;
DE 08 69090;DE 08 69090;;01.12.2025;W;GAL;DE 08 03240;01.12.2025;GE;0.0;0.0;;0,600;;0.0;;
DE 08 69082;DE 08 69082;;18.12.2025;W;GAL;DE 08 06241;18.12.2025;GE;0.0;0.0;;0,600;;0.0;;
DE 08 69083;DE 08 69083;;21.12.2025;M;GAL;DE 08 03233;21.12.2025;GE;0.0;0.0;;0,600;;;;
DE 08 69088;DE 08 69088;;01.01.2026;W;GAL;DE 08 30288;01.01.2026;GE;0.0;0.0;;0,600;;0.0;;
DE 08 80551;DE 08 80551;;03.06.2026;M;GAL;DE 08 03231;03.06.2026;GE;0.0;0.0;;0,300;;;;
